"Name","Author","AVG_Rating","AVG_Reviews","AVG_Price","Years_Count","Years_List","Genre"
"10-Day Green Smoothie Cleanse","JJ Smith","4.699999809265137","17350.0000","8","1","2016","Non Fiction"
"11/22/63: A Novel","Stephen King","4.599999904632568","2052.0000","22","1","2011","Fiction"
"12 Rules for Life: An Antidote to Chaos","Jordan B. Peterson","4.699999809265137","18979.0000","15","1","2018","Non Fiction"
"1984 (Signet Classics)","George Orwell","4.699999809265137","21424.0000","6","1","2017","Fiction"
"5,000 Awesome Facts (About Everything!) (National Geographic Kids)","National Geographic Kids","4.800000190734863","7665.0000","12","1","2019","Non Fiction"
"A Dance with Dragons (A Song of Ice and Fire)","George R. R. Martin","4.400000095367432","12643.0000","11","1","2011","Fiction"
"A Game of Thrones / A Clash of Kings / A Storm of Swords / A Feast of Crows / A Dance with Dragons","George R. R. Martin","4.699999809265137","19735.0000","30","1","2014","Fiction"
"A Gentleman in Moscow: A Novel","Amor Towles","4.699999809265137","19699.0000","15","1","2017","Fiction"
"A Higher Loyalty: Truth, Lies, and Leadership","James Comey","4.699999809265137","5983.0000","3","1","2018","Non Fiction"
"A Man Called Ove: A Novel","Fredrik Backman","4.599999904632568","23848.0000","8","2","2016,2017","Fiction"
"A Patriot's History of the United States: From Columbus's Great Discovery to the War on Terror","Larry Schweikart","4.599999904632568","460.0000","2","1","2010","Non Fiction"
"A Stolen Life: A Memoir","Jaycee Dugard","4.599999904632568","4149.0000","32","1","2011","Non Fiction"
"A Wrinkle in Time (Time Quintet)","Madeleine L'Engle","4.5","5153.0000","5","1","2018","Fiction"
"Act Like a Lady, Think Like a Man: What Men Really Think About Love, Relationships, Intimacy, and Commitment","Steve Harvey","4.599999904632568","5013.0000","17","1","2009","Non Fiction"
"Adult Coloring Book Designs: Stress Relief Coloring Book: Garden Designs, Mandalas, Animals, and Paisley Patterns","Adult Coloring Book Designs","4.5","2313.0000","4","1","2016","Non Fiction"
"Adult Coloring Book: Stress Relieving Animal Designs","Blue Star Coloring","4.599999904632568","2925.0000","6","1","2015","Non Fiction"
"Adult Coloring Book: Stress Relieving Patterns","Blue Star Coloring","4.400000095367432","2951.0000","6","1","2015","Non Fiction"
"Adult Coloring Books: A Coloring Book for Adults Featuring Mandalas and Henna Inspired Flowers, Animals, and Paisley…","Coloring Books for Adults","4.5","2426.0000","8","1","2015","Non Fiction"
"Alexander Hamilton","Ron Chernow","4.800000190734863","9198.0000","13","1","2016","Non Fiction"
"All the Light We Cannot See","Anthony Doerr","4.599999904632568","36348.0000","14","2","2014,2015","Fiction"
"Allegiant","Veronica Roth","3.9000000953674316","6310.0000","13","1","2013","Fiction"
"American Sniper: The Autobiography of the Most Lethal Sniper in U.S. Military History","Chris Kyle","4.599999904632568","15921.0000","9","1","2015","Non Fiction"
"And the Mountains Echoed","Khaled Hosseini","4.300000190734863","12159.0000","13","1","2013","Fiction"
"Arguing with Idiots: How to Stop Small Minds and Big Government","Glenn Beck","4.599999904632568","798.0000","5","1","2009","Non Fiction"
"Astrophysics for People in a Hurry","Neil deGrasse Tyson","4.699999809265137","9374.0000","9","1","2017","Non Fiction"
"Autobiography of Mark Twain, Vol. 1","Mark Twain","4.199999809265137","491.0000","14","1","2010","Non Fiction"
"Baby Touch and Feel: Animals","DK","4.599999904632568","5360.0000","5","1","2015","Non Fiction"
"Balance (Angie's Extreme Stress Menders)","Angie Grace","4.599999904632568","1909.0000","11","1","2015","Non Fiction"
"Barefoot Contessa Foolproof: Recipes You Can Trust: A Cookbook","Ina Garten","4.800000190734863","1296.0000","24","1","2012","Non Fiction"
"Barefoot Contessa, How Easy Is That?: Fabulous Recipes & Easy Tips","Ina Garten","4.699999809265137","615.0000","21","1","2010","Non Fiction"
"Becoming","Michelle Obama","4.800000190734863","61133.0000","11","2","2018,2019","Non Fiction"
"Being Mortal: Medicine and What Matters in the End","Atul Gawande","4.800000190734863","11113.0000","15","1","2015","Non Fiction"
"Between the World and Me","Ta-Nehisi Coates","4.699999809265137","10070.0000","13","2","2015,2016","Non Fiction"
"Born to Run","Bruce Springsteen","4.699999809265137","3729.0000","18","1","2016","Non Fiction"
"Breaking Dawn (The Twilight Saga, Book 4)","Stephenie Meyer","4.599999904632568","9769.0000","13","1","2009","Fiction"
"Broke: The Plan to Restore Our Trust, Truth and Treasure","Glenn Beck","4.5","471.0000","8","1","2010","Non Fiction"
"Brown Bear, Brown Bear, What Do You See?","Bill Martin Jr.","4.900000095367432","14344.0000","5","2","2017,2019","Fiction"
"Cabin Fever (Diary of a Wimpy Kid, Book 6)","Jeff Kinney","4.800000190734863","4505.0000","0","1","2011","Fiction"
"Calm the F*ck Down: An Irreverent Adult Coloring Book (Irreverent Book Series)","Sasha O'Hara","4.599999904632568","10369.0000","4","1","2016","Non Fiction"
"Can't Hurt Me: Master Your Mind and Defy the Odds","David Goggins","4.800000190734863","16244.0000","18","1","2019","Non Fiction"
"Capital in the Twenty First Century","Thomas Piketty","4.5","2884.0000","28","1","2014","Non Fiction"
"Catching Fire (The Hunger Games)","Suzanne Collins","4.699999809265137","22614.0000","11","3","2010,2011,2012","Fiction"
"Cravings: Recipes for All the Food You Want to Eat: A Cookbook","Chrissy Teigen","4.699999809265137","4761.0000","16","1","2016","Non Fiction"
"Crazy Love: Overwhelmed by a Relentless God","Francis Chan","4.699999809265137","1542.0000","14","3","2009,2010,2011","Non Fiction"
"Crazy Rich Asians (Crazy Rich Asians Trilogy)","Kevin Kwan","4.300000190734863","6143.0000","8","1","2018","Fiction"
"Creative Haven Creative Cats Coloring Book (Adult Coloring)","Marjorie Sarnat","4.800000190734863","4022.0000","4","1","2015","Non Fiction"
"Creative Haven Owls Coloring Book (Adult Coloring)","Marjorie Sarnat","4.800000190734863","3871.0000","5","1","2015","Non Fiction"
"Cutting for Stone","Abraham Verghese","4.599999904632568","4866.0000","11","2","2010,2011","Fiction"
"Daring Greatly: How the Courage to Be Vulnerable Transforms the Way We Live, Love, Parent, and Lead","Brené Brown","4.800000190734863","1329.0000","10","1","2013","Non Fiction"
"David and Goliath: Underdogs, Misfits, and the Art of Battling Giants","Malcolm Gladwell","4.400000095367432","4642.0000","13","1","2013","Non Fiction"
"Dead And Gone: A Sookie Stackhouse Novel (Sookie Stackhouse/True Blood)","Charlaine Harris","4.599999904632568","1541.0000","4","1","2009","Fiction"
"Dead in the Family (Sookie Stackhouse/True Blood, Book 10)","Charlaine Harris","4.300000190734863","1924.0000","8","1","2010","Fiction"
"Dead Reckoning (Sookie Stackhouse/True Blood, Book 11)","Charlaine Harris","4.199999809265137","2094.0000","4","1","2011","Fiction"
"Dear Zoo: A Lift-the-Flap Book","Rod Campbell","4.800000190734863","10922.0000","5","4","2015,2016,2017,2018","Fiction"
"Decision Points","George W. Bush","4.599999904632568","2137.0000","17","1","2010","Non Fiction"
"Delivering Happiness: A Path to Profits, Passion, and Purpose","Tony Hsieh","4.599999904632568","1651.0000","15","1","2010","Non Fiction"
"Diagnostic and Statistical Manual of Mental Disorders, 5th Edition: DSM-5","American Psychiatric Association","4.5","6679.0000","105","2","2013,2014","Non Fiction"
"Diary of a Wimpy Kid: Hard Luck, Book 8","Jeff Kinney","4.800000190734863","6812.0000","0","1","2013","Fiction"
"Diary of a Wimpy Kid: The Last Straw (Book 3)","Jeff Kinney","4.800000190734863","3837.0000","15","1","2009","Fiction"
"Diary of a Wimpy Kid: The Long Haul","Jeff Kinney","4.800000190734863","6540.0000","22","1","2014","Fiction"
"Difficult Riddles For Smart Kids: 300 Difficult Riddles And Brain Teasers Families Will Love (Books for Smart Kids)","M Prefontaine","4.599999904632568","7955.0000","5","1","2019","Non Fiction"
"Divergent","Veronica Roth","4.599999904632568","27098.0000","15","2","2013,2014","Fiction"
"Divergent / Insurgent","Veronica Roth","4.5","17684.0000","6","1","2014","Fiction"
"Divine Soul Mind Body Healing and Transmission System: The Divine Way to Heal You, Humanity, Mother Earth, and All…","Zhi Gang Sha","4.599999904632568","37.0000","6","1","2009","Non Fiction"
"Doctor Sleep: A Novel","Stephen King","4.699999809265137","15845.0000","13","1","2013","Fiction"
"Dog Days (Diary of a Wimpy Kid, Book 4) (Volume 4)","Jeff Kinney","4.800000190734863","3181.0000","12","1","2009","Fiction"
"Dog Man and Cat Kid: From the Creator of Captain Underpants (Dog Man #4)","Dav Pilkey","4.900000095367432","5062.0000","6","1","2018","Fiction"
"Dog Man: A Tale of Two Kitties: From the Creator of Captain Underpants (Dog Man #3)","Dav Pilkey","4.900000095367432","4786.0000","8","1","2017","Fiction"
"Dog Man: Brawl of the Wild: From the Creator of Captain Underpants (Dog Man #6)","Dav Pilkey","4.900000095367432","7235.0000","4","2","2018,2019","Fiction"
"Dog Man: Fetch-22: From the Creator of Captain Underpants (Dog Man #8)","Dav Pilkey","4.900000095367432","12619.0000","8","1","2019","Fiction"
"Dog Man: For Whom the Ball Rolls: From the Creator of Captain Underpants (Dog Man #7)","Dav Pilkey","4.900000095367432","9089.0000","8","1","2019","Fiction"
"Dog Man: Lord of the Fleas: From the Creator of Captain Underpants (Dog Man #5)","Dav Pilkey","4.900000095367432","5470.0000","6","1","2018","Fiction"
"Double Down (Diary of a Wimpy Kid #11)","Jeff Kinney","4.800000190734863","5118.0000","20","1","2016","Fiction"
"Dover Creative Haven Art Nouveau Animal Designs Coloring Book (Creative Haven Coloring Books)","Marty Noble","4.599999904632568","2134.0000","5","1","2015","Non Fiction"
"Drive: The Surprising Truth About What Motivates Us","Daniel H. Pink","4.5","2525.0000","16","1","2010","Non Fiction"
"Eat This Not That! Supermarket Survival Guide: The No-Diet Weight Loss Solution","David Zinczenko","4.5","720.0000","1","1","2009","Non Fiction"
"Eat This, Not That! Thousands of Simple Food Swaps that Can Save You 10, 20, 30 Pounds--or More!","David Zinczenko","4.300000190734863","956.0000","14","1","2009","Non Fiction"
"Eat to Live: The Amazing Nutrient-Rich Program for Fast and Sustained Weight Loss, Revised Edition","Joel Fuhrman MD","4.5","6346.0000","9","2","2011,2012","Non Fiction"
"Eclipse (Twilight Sagas)","Stephenie Meyer","4.699999809265137","5505.0000","7","1","2009","Fiction"
"Eclipse (Twilight)","Stephenie Meyer","4.699999809265137","5505.0000","18","1","2009","Fiction"
"Educated: A Memoir","Tara Westover","4.699999809265137","28729.0000","15","2","2018,2019","Non Fiction"
"Enchanted Forest: An Inky Quest and Coloring book (Activity Books, Mindfulness and Meditation, Illustrated Floral Prints…","Johanna Basford","4.699999809265137","5413.0000","9","1","2015","Non Fiction"
"Fahrenheit 451","Ray Bradbury","4.599999904632568","10721.0000","8","2","2016,2018","Fiction"
"Fantastic Beasts and Where to Find Them: The Original Screenplay (Harry Potter)","J.K. Rowling","4.699999809265137","4370.0000","15","1","2016","Fiction"
"Fear: Trump in the White House","Bob Woodward","4.400000095367432","6042.0000","2","1","2018","Non Fiction"
"Fifty Shades Darker","E L James","4.400000095367432","23631.0000","7","1","2012","Fiction"
"Fifty Shades Freed: Book Three of the Fifty Shades Trilogy (Fifty Shades of Grey Series) (English Edition)","E L James","4.5","20262.0000","11","1","2012","Fiction"
"Fifty Shades of Grey: Book One of the Fifty Shades Trilogy (Fifty Shades of Grey Series)","E L James","3.799999952316284","47265.0000","14","2","2012,2013","Fiction"
"Fifty Shades Trilogy (Fifty Shades of Grey / Fifty Shades Darker / Fifty Shades Freed)","E L James","4.5","13964.0000","32","1","2012","Fiction"
"Fire and Fury: Inside the Trump White House","Michael Wolff","4.199999809265137","13677.0000","6","1","2018","Non Fiction"
"First 100 Words","Roger Priddy","4.699999809265137","17323.0000","4","5","2014,2015,2016,2017,2018","Non Fiction"
"Food Rules: An Eater's Manual","Michael Pollan","4.400000095367432","1555.0000","9","1","2010","Non Fiction"
"Frozen (Little Golden Book)","RH Disney","4.699999809265137","3642.0000","0","1","2014","Fiction"
"Game Change: Obama and the Clintons, McCain and Palin, and the Race of a Lifetime","John Heilemann","4.400000095367432","1215.0000","9","1","2010","Non Fiction"
"Game of Thrones Boxed Set: A Game of Thrones/A Clash of Kings/A Storm of Swords/A Feast for Crows","George R.R. Martin","4.599999904632568","5594.0000","5","3","2011,2012,2013","Fiction"
"George Washington's Sacred Fire","Peter A. Lillback","4.5","408.0000","20","1","2010","Non Fiction"
"George Washington's Secret Six: The Spy Ring That Saved the American Revolution","Brian Kilmeade","4.599999904632568","4799.0000","16","1","2013","Non Fiction"
"Giraffes Can't Dance","Giles Andreae","4.800000190734863","14038.0000","4","5","2015,2016,2017,2018,2019","Fiction"
"Girl, Stop Apologizing: A Shame-Free Plan for Embracing and Achieving Your Goals","Rachel Hollis","4.599999904632568","7660.0000","12","1","2019","Non Fiction"
"Girl, Wash Your Face: Stop Believing the Lies About Who You Are So You Can Become Who You Were Meant to Be","Rachel Hollis","4.599999904632568","22288.0000","12","2","2018,2019","Non Fiction"
"Glenn Beck's Common Sense: The Case Against an Out-of-Control Government, Inspired by Thomas Paine","Glenn Beck","4.599999904632568","1365.0000","11","1","2009","Non Fiction"
"Go Set a Watchman: A Novel","Harper Lee","3.5999999046325684","14982.0000","19","1","2015","Fiction"
"Go the F**k to Sleep","Adam Mansbach","4.800000190734863","9568.0000","9","1","2011","Fiction"
"Going Rogue: An American Life","Sarah Palin","4.599999904632568","1636.0000","6","1","2009","Non Fiction"
"Gone Girl","Gillian Flynn","4","57271.0000","9.666666666666666","3","2012,2013,2014","Fiction"
"Good Days Start With Gratitude: A 52 Week Guide To Cultivate An Attitude Of Gratitude: Gratitude Journal","Pretty Simple Press","4.599999904632568","10141.0000","6","1","2019","Non Fiction"
"Good to Great: Why Some Companies Make the Leap and Others Don't","Jim Collins","4.5","3457.0000","14","4","2009,2010,2011,2012","Non Fiction"
"Goodnight Moon","Margaret Wise Brown","4.800000190734863","8837.0000","5","3","2017,2018,2019","Fiction"
"Goodnight, Goodnight Construction Site (Hardcover Books for Toddlers, Preschool Books for Kids)","Sherri Duskey Rinker","4.900000095367432","7038.0000","7","2","2012,2013","Fiction"
"Grain Brain: The Surprising Truth about Wheat, Carbs, and Sugar--Your Brain's Silent Killers","David Perlmutter MD","4.599999904632568","5972.0000","10","1","2014","Non Fiction"
"Grey: Fifty Shades of Grey as Told by Christian (Fifty Shades of Grey Series)","E L James","4.400000095367432","25624.0000","14","1","2015","Fiction"
"Guts","Raina Telgemeier","4.800000190734863","5476.0000","7","1","2019","Non Fiction"
"Hamilton: The Revolution","Lin-Manuel Miranda","4.900000095367432","5867.0000","54","1","2016","Non Fiction"
"Happy, Happy, Happy: My Life and Legacy as the Duck Commander","Phil Robertson","4.800000190734863","4148.0000","11","1","2013","Non Fiction"
"Harry Potter and the Chamber of Secrets: The Illustrated Edition (Harry Potter, Book 2)","J.K. Rowling","4.900000095367432","19622.0000","30","1","2016","Fiction"
"Harry Potter and the Cursed Child, Parts 1 & 2, Special Rehearsal Edition Script","J.K. Rowling","4","23973.0000","12","1","2016","Fiction"
"Harry Potter and the Goblet of Fire: The Illustrated Edition (Harry Potter, Book 4) (4)","J. K. Rowling","4.900000095367432","7758.0000","18","1","2019","Fiction"
"Harry Potter and the Prisoner of Azkaban: The Illustrated Edition (Harry Potter, Book 3)","J.K. Rowling","4.900000095367432","3146.0000","30","1","2017","Fiction"
"Harry Potter and the Sorcerer's Stone: The Illustrated Edition (Harry Potter, Book 1)","J.K. Rowling","4.900000095367432","10052.0000","22","1","2016","Fiction"
"Harry Potter Coloring Book","Scholastic","4.699999809265137","3564.0000","9","1","2015","Non Fiction"
"Harry Potter Paperback Box Set (Books 1-7)","J. K. Rowling","4.800000190734863","13471.0000","52","1","2016","Fiction"
"Have a Little Faith: A True Story","Mitch Albom","4.800000190734863","1930.0000","4","1","2009","Non Fiction"
"Heaven is for Real: A Little Boy's Astounding Story of His Trip to Heaven and Back","Todd Burpo","4.699999809265137","15779.0000","10","2","2011,2012","Non Fiction"
"Hillbilly Elegy: A Memoir of a Family and Culture in Crisis","J. D. Vance","4.400000095367432","15526.0000","14","2","2016,2017","Non Fiction"
"Homebody: A Guide to Creating Spaces You Never Want to Leave","Joanna Gaines","4.800000190734863","3776.0000","22","1","2018","Non Fiction"
"How to Win Friends & Influence People","Dale Carnegie","4.699999809265137","25001.0000","11","5","2014,2015,2016,2017,2018","Non Fiction"
"Howard Stern Comes Again","Howard Stern","4.300000190734863","5272.0000","16","1","2019","Non Fiction"
"Humans of New York","Brandon Stanton","4.800000190734863","3490.0000","15","2","2013,2014","Non Fiction"
"Humans of New York : Stories","Brandon Stanton","4.900000095367432","2812.0000","17","1","2015","Non Fiction"
"Hyperbole and a Half: Unfortunate Situations, Flawed Coping Mechanisms, Mayhem, and Other Things That Happened","Allie Brosh","4.699999809265137","4896.0000","17","1","2013","Non Fiction"
"I Am Confident, Brave & Beautiful: A Coloring Book for Girls","Hopscotch Girls","4.800000190734863","9737.0000","7","1","2019","Non Fiction"
"I, Alex Cross","James Patterson","4.599999904632568","1320.0000","7","1","2009","Fiction"
"If Animals Kissed Good Night","Ann Whitford Paul","4.800000190734863","16643.0000","4","2","2017,2019","Fiction"
"If I Stay","Gayle Forman","4.300000190734863","7153.0000","9","1","2014","Fiction"
"In the Garden of Beasts: Love, Terror, and an American Family in Hitler's Berlin","Eric Larson","4.400000095367432","4571.0000","21","1","2011","Non Fiction"
"Inferno","Dan Brown","4.099999904632568","29651.0000","14","1","2013","Fiction"
"Inheritance: Book IV (Inheritance Cycle)","Christopher Paolini","4.599999904632568","5299.0000","20","1","2011","Fiction"
"Instant Pot Pressure Cooker Cookbook: 500 Everyday Recipes for Beginners and Advanced Users. Try Easy and Healthy…","Jennifer Smith","4.400000095367432","7396.0000","13","2","2018,2019","Non Fiction"
"It's Not Supposed to Be This Way: Finding Unexpected Strength When Disappointments Leave You Shattered","Lysa TerKeurst","4.800000190734863","7062.0000","12","1","2019","Non Fiction"
"Jesus Calling: Enjoying Peace in His Presence (with Scripture References)","Sarah Young","4.900000095367432","19576.0000","8","6","2011,2012,2013,2014,2015,2016","Non Fiction"
"JOURNEY TO THE ICE P","RH Disney","4.599999904632568","978.0000","0","1","2014","Fiction"
"Joyland (Hard Case Crime)","Stephen King","4.5","4748.0000","12","1","2013","Fiction"
"Killers of the Flower Moon: The Osage Murders and the Birth of the FBI","David Grann","4.599999904632568","8393.0000","17","1","2017","Non Fiction"
"Killing Jesus (Bill O'Reilly's Killing Series)","Bill O'Reilly","4.5","11391.0000","12","1","2013","Non Fiction"
"Killing Kennedy: The End of Camelot","Bill O'Reilly","4.599999904632568","8634.0000","25","1","2012","Non Fiction"
"Killing Lincoln: The Shocking Assassination that Changed America Forever (Bill O'Reilly's Killing Series)","Bill O'Reilly","4.699999809265137","9342.0000","10","2","2011,2012","Non Fiction"
"Killing Patton: The Strange Death of World War II's Most Audacious General (Bill O'Reilly's Killing Series)","Bill O'Reilly","4.599999904632568","10927.0000","6","1","2014","Non Fiction"
"Killing Reagan: The Violent Assault That Changed a Presidency (Bill O'Reilly's Killing Series)","Bill O'Reilly","4.599999904632568","5235.0000","5","1","2015","Non Fiction"
"Killing the Rising Sun: How America Vanquished World War II Japan (Bill O'Reilly's Killing Series)","Bill O'Reilly","4.800000190734863","8916.0000","6","1","2016","Non Fiction"
"Kitchen Confidential Updated Edition: Adventures in the Culinary Underbelly (P.S.)","Anthony Bourdain","4.800000190734863","2507.0000","8","1","2018","Non Fiction"
"Knock-Knock Jokes for Kids","Rob Elliott","4.5","3673.0000","4","3","2013,2014,2015","Non Fiction"
"Last Week Tonight with John Oliver Presents A Day in the Life of Marlon Bundo (Better Bundo Book, LGBT Childrens Book)","Jill Twiss","4.900000095367432","11881.0000","13","1","2018","Fiction"
"Laugh-Out-Loud Jokes for Kids","Rob Elliott","4.599999904632568","6990.0000","4","5","2013,2014,2015,2016,2017","Non Fiction"
"Lean In: Women, Work, and the Will to Lead","Sheryl Sandberg","4.5","6132.0000","13","1","2013","Non Fiction"
"Leonardo da Vinci","Walter Isaacson","4.5","3014.0000","21","1","2017","Non Fiction"
"Lettering and Modern Calligraphy: A Beginner's Guide: Learn Hand Lettering and Brush Lettering","Paper Peony Press","4.400000095367432","7550.0000","6","1","2018","Non Fiction"
"Liberty and Tyranny: A Conservative Manifesto","Mark R. Levin","4.800000190734863","3828.0000","15","1","2009","Non Fiction"
"Life","Keith Richards","4.5","2752.0000","18","1","2010","Non Fiction"
"Little Bee: A Novel","Chris Cleave","4.099999904632568","1467.0000","10","1","2010","Fiction"
"Little Blue Truck","Alice Schertle","4.900000095367432","1884.0000","0","1","2014","Fiction"
"Little Fires Everywhere","Celeste Ng","4.5","25706.0000","12","1","2018","Fiction"
"Looking for Alaska","John Green","4.5","8491.0000","7","1","2014","Fiction"
"Love Wins: A Book About Heaven, Hell, and the Fate of Every Person Who Ever Lived","Rob Bell","4.199999809265137","1649.0000","13","1","2011","Non Fiction"
"Love You Forever","Robert Munsch","4.800000190734863","18613.0000","5","2","2014,2015","Fiction"
"Magnolia Table: A Collection of Recipes for Gathering","Joanna Gaines","4.800000190734863","9867.0000","16","1","2018","Non Fiction"
"Make It Ahead: A Barefoot Contessa Cookbook","Ina Garten","4.5","1386.0000","20","1","2014","Non Fiction"
"Make Your Bed: Little Things That Can Change Your Life...And Maybe the World","Admiral William H. McRaven","4.699999809265137","10199.0000","11","1","2017","Non Fiction"
"Mastering the Art of French Cooking, Vol. 2","Julia Child","4.800000190734863","2926.0000","27","1","2009","Non Fiction"
"Milk and Honey","Rupi Kaur","4.699999809265137","17739.0000","8","3","2016,2017,2018","Non Fiction"
"Milk and Vine: Inspirational Quotes From Classic Vines","Adam Gasiewski","4.400000095367432","3113.0000","6","1","2017","Non Fiction"
"Mindset: The New Psychology of Success","Carol S. Dweck","4.599999904632568","5542.0000","10","3","2014,2015,2016","Non Fiction"
"Mockingjay (The Hunger Games)","Suzanne Collins","4.5","26741.0000","8","3","2010,2011,2012","Fiction"
"National Geographic Kids Why?: Over 1,111 Answers to Everything","Crispin Boyer","4.800000190734863","5347.0000","16","1","2019","Non Fiction"
"National Geographic Little Kids First Big Book of Why (National Geographic Little Kids First Big Books)","Amy Shields","4.800000190734863","7866.0000","11","1","2019","Non Fiction"
"New Moon (The Twilight Saga)","Stephenie Meyer","4.599999904632568","5680.0000","10","1","2009","Fiction"
"Night (Night)","Elie Wiesel","4.699999809265137","5178.0000","9","1","2016","Non Fiction"
"No Easy Day: The Autobiography of a Navy Seal: The Firsthand Account of the Mission That Killed Osama Bin Laden","Mark Owen","4.599999904632568","8093.0000","14","1","2012","Non Fiction"
"Obama: An Intimate Portrait","Pete Souza","4.900000095367432","3192.0000","22","1","2017","Non Fiction"
"Oh, the Places You'll Go!","Dr. Seuss","4.900000095367432","21834.0000","8","8","2012,2013,2014,2015,2016,2017,2018,2019","Fiction"
"Old School (Diary of a Wimpy Kid #10)","Jeff Kinney","4.800000190734863","6169.0000","7","1","2015","Fiction"
"Olive Kitteridge","Elizabeth Strout","4.199999809265137","4519.0000","12","1","2009","Fiction"
"One Thousand Gifts: A Dare to Live Fully Right Where You Are","Ann Voskamp","4.599999904632568","3163.0000","13","2","2011,2012","Non Fiction"
"Option B: Facing Adversity, Building Resilience, and Finding Joy","Sheryl Sandberg","4.5","1831.0000","9","1","2017","Non Fiction"
"Origin: A Novel (Robert Langdon)","Dan Brown","4.300000190734863","18904.0000","13","1","2017","Fiction"
"Orphan Train","Christina Baker Kline","4.599999904632568","21930.0000","11","1","2014","Fiction"
"Outliers: The Story of Success","Malcolm Gladwell","4.599999904632568","10426.0000","20","2","2009,2010","Non Fiction"
"P is for Potty! (Sesame Street) (Lift-the-Flap)","Naomi Kleinberg","4.699999809265137","10820.0000","5","2","2018,2019","Non Fiction"
"Percy Jackson and the Olympians Paperback Boxed Set (Books 1-3)","Rick Riordan","4.800000190734863","548.0000","2","1","2010","Fiction"
"Player's Handbook (Dungeons & Dragons)","Wizards RPG Team","4.800000190734863","16990.0000","27","3","2017,2018,2019","Fiction"
"Pokémon Deluxe Essential Handbook: The Need-to-Know Stats and Facts on Over 700 Pokémon","Scholastic","4.699999809265137","3503.0000","9","1","2016","Fiction"
"Proof of Heaven: A Neurosurgeon's Journey into the Afterlife","Eben Alexander","4.300000190734863","13616.0000","10","2","2012,2013","Non Fiction"
"Publication Manual of the American Psychological Association, 6th Edition","American Psychological Association","4.5","8580.0000","46","10","2009,2010,2011,2012,2013,2014,2015,2016,2017,2018","Non Fiction"
"Puppy Birthday to You! (Paw Patrol) (Little Golden Book)","Golden Books","4.800000190734863","4757.0000","4","1","2017","Fiction"
"Quiet: The Power of Introverts in a World That Can't Stop Talking","Susan Cain","4.599999904632568","10009.0000","13.5","2","2012,2013","Non Fiction"
"Radical: Taking Back Your Faith from the American Dream","David Platt","4.699999809265137","1985.0000","9","2","2010,2011","Non Fiction"
"Ready Player One: A Novel","Ernest Cline","4.599999904632568","22536.0000","12","2","2017,2018","Fiction"
"Rush Revere and the Brave Pilgrims: Time-Travel Adventures with Exceptional Americans (1)","Rush Limbaugh","4.900000095367432","7150.0000","12","1","2013","Fiction"
"Rush Revere and the First Patriots: Time-Travel Adventures With Exceptional Americans (2)","Rush Limbaugh","4.900000095367432","3836.0000","12","1","2014","Fiction"
"Salt, Fat, Acid, Heat: Mastering the Elements of Good Cooking","Samin Nosrat","4.800000190734863","7802.0000","20","2","2018,2019","Non Fiction"
"Sarah's Key","Tatiana de Rosnay","4.599999904632568","3619.0000","10","1","2010","Fiction"
"School Zone - Big Preschool Workbook - Ages 4 and Up, Colors, Shapes, Numbers 1-10, Alphabet, Pre-Writing, Pre-Reading…","School Zone","4.800000190734863","23047.0000","6","2","2018,2019","Non Fiction"
"Secret Garden: An Inky Treasure Hunt and Coloring Book (For Adults, mindfulness coloring)","Johanna Basford","4.699999809265137","9366.0000","9","1","2015","Non Fiction"
"Sh*t My Dad Says","Justin Halpern","4.699999809265137","1265.0000","11","1","2010","Non Fiction"
"Ship of Fools: How a Selfish Ruling Class Is Bringing America to the Brink of Revolution","Tucker Carlson","4.800000190734863","3923.0000","16","1","2018","Non Fiction"
"Shred: The Revolutionary Diet: 6 Weeks 4 Inches 2 Sizes","Ian K. Smith M.D.","4.099999904632568","2272.0000","6","1","2013","Non Fiction"
"Sookie Stackhouse","Charlaine Harris","4.699999809265137","973.0000","25","1","2009","Fiction"
"Soul Healing Miracles: Ancient and New Sacred Wisdom, Knowledge, and Practical Techniques for Healing the Spiritual…","Zhi Gang Sha","4.599999904632568","220.0000","17","1","2013","Non Fiction"
"Steve Jobs","Walter Isaacson","4.599999904632568","7827.0000","20","2","2011,2012","Non Fiction"
"Strange Planet (Strange Planet Series)","Nathan W. Pyle","4.900000095367432","9382.0000","6","1","2019","Fiction"
"StrengthsFinder 2.0","Gallup","4","5069.0000","17","9","2009,2010,2011,2012,2013,2014,2015,2016,2017","Non Fiction"
"Super Freakonomics: Global Cooling, Patriotic Prostitutes, and Why Suicide Bombers Should Buy Life Insurance","Steven D. Levitt","4.5","1583.0000","18","1","2009","Non Fiction"
"Switch: How to Change Things When Change Is Hard","Chip Heath","4.599999904632568","1907.0000","13","1","2010","Non Fiction"
"Sycamore Row (Jake Brigance)","John Grisham","4.5","23114.0000","18","1","2013","Fiction"
"Teach Like a Champion: 49 Techniques that Put Students on the Path to College","Doug Lemov","4.400000095367432","637.0000","20","2","2010,2011","Non Fiction"
"The 17 Day Diet: A Doctor's Plan Designed for Rapid Results","Mike Moreno","4.300000190734863","2314.0000","22","1","2011","Non Fiction"
"The 4 Hour Body: An Uncommon Guide to Rapid Fat Loss, Incredible Sex and Becoming Superhuman","Timothy Ferriss","4.300000190734863","4587.0000","21","1","2011","Non Fiction"
"The 5 Love Languages: The Secret to Love that Lasts","Gary Chapman","4.75","14515.5000","18","10","2010,2011,2012,2013,2014,2015,2016,2017,2018,2019","Non Fiction"
"The 5000 Year Leap","W. Cleon Skousen","4.800000190734863","1680.0000","12","1","2009","Non Fiction"
"The 7 Habits of Highly Effective People: Powerful Lessons in Personal Change","Stephen R. Covey","4.642857006617954","7353.5714","20.571428571428573","7","2009,2011,2012,2013,2015,2016,2017","Non Fiction"
"The Alchemist","Paulo Coelho","4.699999809265137","35799.0000","39","1","2014","Fiction"
"The Amateur","Edward Klein","4.599999904632568","2580.0000","9","1","2012","Non Fiction"
"The Art of Racing in the Rain: A Novel","Garth Stein","4.699999809265137","11813.0000","10","2","2010,2011","Fiction"
"The Big Short: Inside the Doomsday Machine","Michael Lewis","4.699999809265137","3536.0000","17","1","2010","Non Fiction"
"The Blood of Olympus (The Heroes of Olympus (5))","Rick Riordan","4.800000190734863","6600.0000","11","1","2014","Fiction"
"The Blood Sugar Solution: The UltraHealthy Program for Losing Weight, Preventing Disease, and Feeling Great Now!","Mark Hyman M.D.","4.199999809265137","1789.0000","14","1","2012","Non Fiction"
"The Body Keeps the Score: Brain, Mind, and Body in the Healing of Trauma","Bessel van der Kolk M.D.","4.800000190734863","12361.0000","12","1","2019","Non Fiction"
"The Book of Basketball: The NBA According to The Sports Guy","Bill Simmons","4.699999809265137","858.0000","53","1","2009","Non Fiction"
"The Book Thief","Markus Zusak","4.599999904632568","23148.0000","6","2","2013,2014","Fiction"
"The Book with No Pictures","B. J. Novak","4.800000190734863","8081.0000","8","2","2014,2015","Fiction"
"The Boys in the Boat: Nine Americans and Their Epic Quest for Gold at the 1936 Berlin Olympics","Daniel James Brown","4.800000190734863","23358.0000","12","2","2014,2015","Non Fiction"
"The Casual Vacancy","J.K. Rowling","3.299999952316284","9372.0000","12","1","2012","Fiction"
"The China Study: The Most Comprehensive Study of Nutrition Ever Conducted And the Startling Implications for Diet…","Thomas Campbell","4.699999809265137","4633.0000","21","1","2011","Non Fiction"
"The Complete Ketogenic Diet for Beginners: Your Essential Guide to Living the Keto Lifestyle","Amy Ramos","4.300000190734863","13061.0000","6","2","2018,2019","Non Fiction"
"The Confession: A Novel","John Grisham","4.300000190734863","3523.0000","13","1","2010","Fiction"
"The Constitution of the United States","Delegates of the Constitutional","4.800000190734863","2774.0000","0","1","2016","Non Fiction"
"The Daily Show with Jon Stewart Presents Earth (The Book): A Visitor's Guide to the Human Race","Jon Stewart","4.400000095367432","440.0000","11","1","2010","Non Fiction"
"The Day the Crayons Quit","Drew Daywalt","4.800000190734863","8922.0000","9","3","2013,2014,2015","Fiction"
"The Dukan Diet: 2 Steps to Lose the Weight, 2 Steps to Keep It Off Forever","Pierre Dukan","4.099999904632568","2023.0000","15","1","2011","Non Fiction"
"The Elegance of the Hedgehog","Muriel Barbery","4","1859.0000","11","1","2009","Fiction"
"The Fault in Our Stars","John Green","4.699999809265137","50482.0000","11.5","3","2012,2013,2014","Fiction"
"The Five Dysfunctions of a Team: A Leadership Fable","Patrick Lencioni","4.599999904632568","3207.0000","6","5","2009,2010,2011,2012,2013","Non Fiction"
"The Five Love Languages: How to Express Heartfelt Commitment to Your Mate","Gary Chapman","4.599999904632568","803.0000","9","1","2009","Non Fiction"
"The Four Agreements: A Practical Guide to Personal Freedom (A Toltec Wisdom Book)","Don Miguel Ruiz","4.699999809265137","23308.0000","6","6","2013,2015,2016,2017,2018,2019","Non Fiction"
"The Getaway","Jeff Kinney","4.800000190734863","5836.0000","0","1","2017","Fiction"
"The Girl on the Train","Paula Hawkins","4.099999904632568","79446.0000","12.5","2","2015,2016","Fiction"
"The Girl Who Kicked the Hornet's Nest (Millennium Trilogy)","Stieg Larsson","4.699999809265137","7747.0000","14","2","2010,2011","Fiction"
"The Girl Who Played with Fire (Millennium Series)","Stieg Larsson","4.699999809265137","7251.0000","9","1","2010","Fiction"
"The Girl Who Played with Fire (Millennium)","Stieg Larsson","4.699999809265137","7251.0000","16","1","2009","Fiction"
"The Girl with the Dragon Tattoo (Millennium Series)","Stieg Larsson","4.400000095367432","10559.0000","2","2","2009,2010","Fiction"
"The Going-To-Bed Book","Sandra Boynton","4.800000190734863","5249.0000","5","2","2016,2017","Fiction"
"The Goldfinch: A Novel (Pulitzer Prize for Fiction)","Donna Tartt","3.9000000953674316","33844.0000","20","2","2013,2014","Fiction"
"The Great Gatsby","F. Scott Fitzgerald","4.400000095367432","11616.0000","7","3","2012,2013,2014","Fiction"
"The Guardians: A Novel","John Grisham","4.5","13609.0000","14","1","2019","Fiction"
"The Guernsey Literary and Potato Peel Pie Society","Mary Ann Shaffer","4.699999809265137","8587.0000","10","1","2009","Fiction"
"The Handmaid's Tale","Margaret Atwood","4.300000190734863","29442.0000","7","1","2017","Fiction"
"The Harbinger: The Ancient Mystery that Holds the Secret of America's Future","Jonathan Cahn","4.599999904632568","11098.0000","13","1","2012","Fiction"
"The Hate U Give","Angie Thomas","4.800000190734863","9947.0000","11","1","2018","Fiction"
"The Help","Kathryn Stockett","4.800000190734863","13871.0000","6.75","3","2009,2010,2011","Fiction"
"The House of Hades (Heroes of Olympus, Book 4)","Rick Riordan","4.800000190734863","6982.0000","14","1","2013","Fiction"
"The Hunger Games","Suzanne Collins","4.699999809265137","32122.0000","14","1","2010","Fiction"
"The Hunger Games (Book 1)","Suzanne Collins","4.699999809265137","32122.0000","8","2","2011,2012","Fiction"
"The Hunger Games Trilogy Boxed Set (1)","Suzanne Collins","4.800000190734863","16949.0000","30","2","2011,2012","Fiction"
"The Immortal Life of Henrietta Lacks","Rebecca Skloot","4.699999809265137","9289.0000","10.333333333333334","3","2010,2011,2012","Non Fiction"
"The Instant Pot Electric Pressure Cooker Cookbook: Easy Recipes for Fast & Healthy Meals","Laurel Randolph","4.300000190734863","7368.0000","7","2","2017,2018","Non Fiction"
"The Last Lecture","Randy Pausch","4.699999809265137","4028.0000","9","1","2009","Non Fiction"
"The Last Olympian (Percy Jackson and the Olympians, Book 5)","Rick Riordan","4.800000190734863","4628.0000","7","2","2009,2010","Fiction"
"The Legend of Zelda: Hyrule Historia","Patrick Thorpe","4.900000095367432","5396.0000","20","1","2013","Fiction"
"The Lego Ideas Book: Unlock Your Imagination","Daniel Lipkowitz","4.400000095367432","4247.0000","13","2","2011,2012","Non Fiction"
"The Life-Changing Magic of Tidying Up: The Japanese Art of Decluttering and Organizing","Marie Kondō","4.5","22641.0000","11","4","2015,2016,2017,2019","Non Fiction"
"The Litigators","John Grisham","4.400000095367432","6222.0000","18","1","2011","Fiction"
"The Lost Hero (Heroes of Olympus, Book 1)","Rick Riordan","4.800000190734863","4506.0000","14","1","2010","Fiction"
"The Lost Symbol","Dan Brown","4.199999809265137","8747.0000","19","1","2009","Fiction"
"The Love Dare","Stephen Kendrick","4.800000190734863","1655.0000","13","1","2009","Non Fiction"
"The Magnolia Story","Chip Gaines","4.900000095367432","7861.0000","5","1","2016","Non Fiction"
"The Mark of Athena (Heroes of Olympus, Book 3)","Rick Riordan","4.800000190734863","6247.0000","10","1","2012","Fiction"
"The Martian","Andy Weir","4.699999809265137","39459.0000","9","1","2015","Fiction"
"The Maze Runner (Book 1)","James Dashner","4.5","10101.0000","8","1","2014","Fiction"
"The Meltdown (Diary of a Wimpy Kid Book 13)","Jeff Kinney","4.800000190734863","5898.0000","8","1","2018","Fiction"
"The Mueller Report","The Washington Post","4.599999904632568","2744.0000","12","1","2019","Non Fiction"
"The Nightingale: A Novel","Kristin Hannah","4.800000190734863","49288.0000","11","2","2015,2016","Fiction"
"The Official SAT Study Guide","The College Board","4.400000095367432","1201.0000","40","5","2010,2011,2012,2013,2014","Non Fiction"
"The Official SAT Study Guide, 2016 Edition (Official Study Guide for the New Sat)","The College Board","4.300000190734863","807.0000","36","1","2016","Non Fiction"
"The Paris Wife: A Novel","Paula McLain","4.300000190734863","3759.0000","16","1","2011","Fiction"
"The Pioneer Woman Cooks: A Year of Holidays: 140 Step-by-Step Recipes for Simple, Scrumptious Celebrations","Ree Drummond","4.800000190734863","2663.0000","17","1","2013","Non Fiction"
"The Pioneer Woman Cooks: Dinnertime - Comfort Classics, Freezer Food, 16-minute Meals, and Other Delicious Ways to Solve…","Ree Drummond","4.800000190734863","3428.0000","14","1","2015","Non Fiction"
"The Pioneer Woman Cooks: Food from My Frontier","Ree Drummond","4.800000190734863","2876.0000","21","1","2012","Non Fiction"
"The Plant Paradox Cookbook: 100 Delicious Recipes to Help You Lose Weight, Heal Your Gut, and Live Lectin-Free","Dr. Steven R Gundry MD","4.5","3601.0000","18","1","2018","Non Fiction"
"The Plant Paradox: The Hidden Dangers in ""Healthy"" Foods That Cause Disease and Weight Gain","Dr. Steven R Gundry MD","4.400000095367432","7058.0000","17","1","2018","Non Fiction"
"The Pout-Pout Fish","Deborah Diesen","4.800000190734863","9784.0000","5","2","2017,2018","Fiction"
"The Power of Habit: Why We Do What We Do in Life and Business","Charles Duhigg","4.599999904632568","10795.0000","21","1","2012","Non Fiction"
"The President Is Missing: A Novel","James Patterson","4.300000190734863","10191.0000","18","1","2018","Fiction"
"The Racketeer","John Grisham","4.300000190734863","14493.0000","18","1","2012","Fiction"
"The Red Pyramid (The Kane Chronicles, Book 1)","Rick Riordan","4.599999904632568","2186.0000","12","1","2010","Fiction"
"The Road to Serfdom: Text and Documents--The Definitive Edition (The Collected Works of F. A. Hayek, Volume 2)","F. A. Hayek","4.599999904632568","1204.0000","14","1","2010","Non Fiction"
"The Serpent's Shadow (The Kane Chronicles, Book 3)","Rick Riordan","4.800000190734863","2091.0000","12","1","2012","Fiction"
"The Shack: Where Tragedy Confronts Eternity","William P. Young","4.599999904632568","19720.0000","8","2","2009,2017","Fiction"
"The Short Second Life of Bree Tanner: An Eclipse Novella (The Twilight Saga)","Stephenie Meyer","4.599999904632568","2122.0000","0","1","2010","Fiction"
"The Silent Patient","Alex Michaelides","4.5","27536.0000","14","1","2019","Fiction"
"The Son of Neptune (Heroes of Olympus, Book 2)","Rick Riordan","4.800000190734863","4290.0000","10","1","2011","Fiction"
"The Subtle Art of Not Giving a F*ck: A Counterintuitive Approach to Living a Good Life","Mark Manson","4.599999904632568","26490.0000","15","3","2017,2018,2019","Non Fiction"
"The Sun and Her Flowers","Rupi Kaur","4.699999809265137","5487.0000","9","1","2017","Non Fiction"
"The Third Wheel (Diary of a Wimpy Kid, Book 7)","Jeff Kinney","4.699999809265137","6377.0000","7","1","2012","Fiction"
"The Throne of Fire (The Kane Chronicles, Book 2)","Rick Riordan","4.699999809265137","1463.0000","10","1","2011","Fiction"
"The Time Traveler's Wife","Audrey Niffenegger","4.400000095367432","3759.0000","6","1","2009","Fiction"
"The Tipping Point: How Little Things Can Make a Big Difference","Malcolm Gladwell","4.400000095367432","3503.0000","9","1","2009","Non Fiction"
"The Total Money Makeover: Classic Edition: A Proven Plan for Financial Fitness","Dave Ramsey","4.699999809265137","11550.0000","10","1","2019","Non Fiction"
"The Twilight Saga Collection","Stephenie Meyer","4.699999809265137","3801.0000","82","1","2009","Fiction"
"The Ugly Truth (Diary of a Wimpy Kid, Book 5)","Jeff Kinney","4.800000190734863","3796.0000","12","1","2010","Fiction"
"The Unofficial Harry Potter Cookbook: From Cauldron Cakes to Knickerbocker Glory--More Than 150 Magical Recipes for…","Dinah Bucholz","4.699999809265137","9030.0000","10","1","2019","Non Fiction"
"The Very Hungry Caterpillar","Eric Carle","4.900000095367432","19546.0000","5","7","2013,2014,2015,2016,2017,2018,2019","Fiction"
"The Whole30: The 30-Day Guide to Total Health and Food Freedom","Melissa Hartwig Urban","4.599999904632568","7508.0000","16","3","2015,2016,2017","Non Fiction"
"The Wonderful Things You Will Be","Emily Winfield Martin","4.900000095367432","8842.0000","10","4","2016,2017,2018,2019","Fiction"
"The Wonky Donkey","Craig Smith","4.800000190734863","30183.0000","4","2","2018,2019","Fiction"
"The Wright Brothers","David McCullough","4.699999809265137","6169.0000","16","1","2015","Non Fiction"
"Things That Matter: Three Decades of Passions, Pastimes and Politics [Deckled Edge]","Charles Krauthammer","4.699999809265137","7034.0000","15","1","2013","Non Fiction"
"Thinking, Fast and Slow","Daniel Kahneman","4.599999904632568","11034.0000","19","2","2011,2012","Non Fiction"
"Thirteen Reasons Why","Jay Asher","4.5","7932.0000","9","1","2017","Fiction"
"Thomas Jefferson: The Art of Power","Jon Meacham","4.5","1904.0000","23","1","2012","Non Fiction"
"Three Cups of Tea: One Man's Mission to Promote Peace - One School at a Time","Greg Mortenson","4.300000190734863","3319.0000","11","2","2009,2010","Non Fiction"
"Thug Kitchen: The Official Cookbook: Eat Like You Give a F*ck (Thug Kitchen Cookbooks)","Thug Kitchen","4.599999904632568","11128.0000","23","4","2014,2015,2016,2017","Non Fiction"
"Tina Fey: Bossypants","Tina Fey","4.300000190734863","5977.0000","12","1","2011","Non Fiction"
"To Kill a Mockingbird","Harper Lee","4.800000190734863","26234.0000","1.4","5","2013,2014,2015,2016,2019","Fiction"
"Tools of Titans: The Tactics, Routines, and Habits of Billionaires, Icons, and World-Class Performers","Timothy Ferriss","4.599999904632568","4360.0000","21","1","2017","Non Fiction"
"Towers of Midnight (Wheel of Time, Book Thirteen)","Robert Jordan","4.800000190734863","2282.0000","21","1","2010","Fiction"
"True Compass: A Memoir","Edward M. Kennedy","4.5","438.0000","15","1","2009","Non Fiction"
"Twilight (The Twilight Saga, Book 1)","Stephenie Meyer","4.699999809265137","11676.0000","9","1","2009","Fiction"
"Ultimate Sticker Book: Frozen: More Than 60 Reusable Full-Color Stickers","DK","4.5","2586.0000","5","1","2014","Fiction"
"Unbroken: A World War II Story of Survival, Resilience, and Redemption","Laura Hillenbrand","4.800000190734863","29673.0000","15.4","4","2010,2011,2012,2014","Non Fiction"
"Under the Dome: A Novel","Stephen King","4.300000190734863","6740.0000","20","1","2009","Fiction"
"Unfreedom of the Press","Mark R. Levin","4.900000095367432","5956.0000","11","1","2019","Non Fiction"
"Unicorn Coloring Book: For Kids Ages 4-8 (US Edition) (Silly Bear Coloring Books)","Silly Bear","4.800000190734863","6108.0000","4","1","2019","Non Fiction"
"Uninvited: Living Loved When You Feel Less Than, Left Out, and Lonely","Lysa TerKeurst","4.699999809265137","4585.0000","9","1","2016","Non Fiction"
"Watchmen","Alan Moore","4.800000190734863","3829.0000","42","1","2009","Fiction"
"Water for Elephants: A Novel","Sara Gruen","4.5","8958.0000","12","1","2011","Fiction"
"What Happened","Hillary Rodham Clinton","4.599999904632568","5492.0000","18","1","2017","Non Fiction"
"What If?: Serious Scientific Answers to Absurd Hypothetical Questions","Randall Munroe","4.699999809265137","9292.0000","17","1","2014","Non Fiction"
"What Pet Should I Get? (Classic Seuss)","Dr. Seuss","4.699999809265137","1873.0000","14","1","2015","Fiction"
"What Should Danny Do? (The Power to Choose Series)","Adir Levy","4.800000190734863","8170.0000","13","1","2019","Fiction"
"What to Expect When You're Expecting","Heidi Murkoff","4.400000095367432","3341.0000","9","1","2011","Non Fiction"
"Wheat Belly: Lose the Wheat, Lose the Weight, and Find Your Path Back to Health","William Davis","4.400000095367432","7497.0000","6","2","2012,2013","Non Fiction"
"When Breath Becomes Air","Paul Kalanithi","4.800000190734863","13779.0000","14","1","2016","Non Fiction"
"Where the Crawdads Sing","Delia Owens","4.800000190734863","87841.0000","15","1","2019","Fiction"
"Where the Wild Things Are","Maurice Sendak","4.800000190734863","9967.0000","13","1","2009","Fiction"
"Whose Boat Is This Boat?: Comments That Don't Help in the Aftermath of a Hurricane","The Staff of The Late Show with","4.599999904632568","6669.0000","12","1","2018","Non Fiction"
"Wild: From Lost to Found on the Pacific Crest Trail","Cheryl Strayed","4.400000095367432","17044.0000","18","1","2012","Non Fiction"
"Winter of the World: Book Two of the Century Trilogy","Ken Follett","4.5","10760.0000","15","1","2012","Fiction"
"Women Food and God: An Unexpected Path to Almost Everything","Geneen Roth","4.199999809265137","1302.0000","11","1","2010","Non Fiction"
"Wonder","R. J. Palacio","4.800000190734863","21625.0000","9","5","2013,2014,2015,2016,2017","Fiction"
"Wrecking Ball (Diary of a Wimpy Kid Book 14)","Jeff Kinney","4.900000095367432","9413.0000","8","1","2019","Fiction"
"You Are a Badass: How to Stop Doubting Your Greatness and Start Living an Awesome Life","Jen Sincero","4.699999809265137","14331.0000","8","4","2016,2017,2018,2019","Non Fiction"
